n,company,company_zh,vertical,template,district,contact,phone,phone_display,wa_me,wa_status,notes,message
1,Curva Pilates,,Fitness / Pilates,studio,Causeway Bay,,+85296656557,+852 9665 6557,https://wa.me/85296656557,not_sent,Site curva-pilates.com lists cs@curva-pilates.com + alt phone 9438 8875; list phone 9665 6557 — confirm which WA before outreach. Skip email path if already moving to WA dual-touch.,"你好，我係 Larry（InnovateXP）。好多 studio 最頭痛唔係缺軟件，而係排程、出席、續堂、收款散喺 WhatsApp／Excel。

我唔會一開始推系統。想約半小時「業務聽診」先睇邊度漏跟——上個月幫 Zomate Fitness 做完，admin 由 8hr／週減到 1.5hr／週。星期三或五下午方便嗎？

WhatsApp：+852 9310 3031
https://innovatexp.co"
2,Essence Wellness,,Fitness / Pilates,studio,Central,Victor Cheng,+85260676064,+852 6067 6064,https://wa.me/85260676064,not_sent,Founder Victor Cheng public on LinkedIn/site instructor mentions. WA 6067 6064.,"Victor你好，我係 Larry（InnovateXP）。好多 studio 最頭痛唔係缺軟件，而係排程、出席、續堂、收款散喺 WhatsApp／Excel。

我唔會一開始推系統。想約半小時「業務聽診」先睇邊度漏跟——上個月幫 Zomate Fitness 做完，admin 由 8hr／週減到 1.5hr／週。星期三或五下午方便嗎？

WhatsApp：+852 9310 3031
https://innovatexp.co"
3,Jesel Studio,,Fitness / Pilates,studio,Wan Chai,,+85294273284,+852 9427 3284,https://wa.me/85294273284,not_sent,WhatsApp-only public contact. Cancel must be in Momence not WA.,"你好，我係 Larry（InnovateXP）。好多 studio 最頭痛唔係缺軟件，而係排程、出席、續堂、收款散喺 WhatsApp／Excel。

我唔會一開始推系統。想約半小時「業務聽診」先睇邊度漏跟——上個月幫 Zomate Fitness 做完，admin 由 8hr／週減到 1.5hr／週。星期三或五下午方便嗎？

WhatsApp：+852 9310 3031
https://innovatexp.co"
4,Ways Pilates,,Fitness / Pilates,studio,Kwun Tong,,+85269068051,+852 6906 8051,https://wa.me/85269068051,not_sent,"wayspilates.com returned 500 during research; ClassPass WA 6906 8051. Address: Workshop 7, 15/F CORE 45.","你好，我係 Larry（InnovateXP）。好多 studio 最頭痛唔係缺軟件，而係排程、出席、續堂、收款散喺 WhatsApp／Excel。

我唔會一開始推系統。想約半小時「業務聽診」先睇邊度漏跟——上個月幫 Zomate Fitness 做完，admin 由 8hr／週減到 1.5hr／週。星期三或五下午方便嗎？

WhatsApp：+852 9310 3031
https://innovatexp.co"
5,Zen Pilates,,Fitness / Pilates,studio,Kwun Tong,,+85252988293,+852 5298 8293,https://wa.me/85252988293,not_sent,List phone 5298 8293; ClassPass also shows 6308 2388 — confirm live WA. Chung Mei Centre KT.,"你好，我係 Larry（InnovateXP）。好多 studio 最頭痛唔係缺軟件，而係排程、出席、續堂、收款散喺 WhatsApp／Excel。

我唔會一開始推系統。想約半小時「業務聽診」先睇邊度漏跟——上個月幫 Zomate Fitness 做完，admin 由 8hr／週減到 1.5hr／週。星期三或五下午方便嗎？

WhatsApp：+852 9310 3031
https://innovatexp.co"
6,Aspire Education,超研教育,Education / Tutoring,edu,Prince Edward,,+85228992330,+852 2899 2330,https://wa.me/85228992330,not_sent,Phone/WA on site also 5116 7443 / 2899 2330 variants — use list +852 2899 2330 or confirm.,"你好，我係 Larry（InnovateXP）。好多補習／培訓中心最頭痛唔係缺軟件，而係查詢、試堂、報名、收款散喺 WhatsApp／Excel，同事放假就斷線。

我唔會一開始推系統。想約半小時「業務聽診」先鎖定一條最阻住收入嘅線。星期三或五下午方便嗎？

WhatsApp：+852 9310 3031
https://innovatexp.co"
7,Better Learning Together,善同教育中心,Education / Tutoring,edu,To Kwa Wan,,+85226563166,+852 2656 3166,https://wa.me/85226563166,not_sent,Also lists WA 9235 1707; primary list phone 2656 3166.,"你好，我係 Larry（InnovateXP）。好多補習／培訓中心最頭痛唔係缺軟件，而係查詢、試堂、報名、收款散喺 WhatsApp／Excel，同事放假就斷線。

我唔會一開始推系統。想約半小時「業務聽診」先鎖定一條最阻住收入嘅線。星期三或五下午方便嗎？

WhatsApp：+852 9310 3031
https://innovatexp.co"
8,Bright & Breezy Maths,朗晴數學,Education / Tutoring,edu,Causeway Bay,Mr. Mak K.S.,+85237933116,+852 3793 3116,https://wa.me/85237933116,not_sent,Contact Mr. Mak K.S. Site also WA 5729 1023 vs list 3793 3116.,"Mak先生你好，我係 Larry（InnovateXP）。好多補習／培訓中心最頭痛唔係缺軟件，而係查詢、試堂、報名、收款散喺 WhatsApp／Excel，同事放假就斷線。

我唔會一開始推系統。想約半小時「業務聽診」先鎖定一條最阻住收入嘅線。星期三或五下午方便嗎？

WhatsApp：+852 9310 3031
https://innovatexp.co"
9,Central Dance Hong Kong,,Education / Training,training,Central,,+85292028128,+852 9202 8128,https://wa.me/85292028128,failed,Brand also Dance@Central on site.,"你好，我係 Larry（InnovateXP）。好多舞蹈／音樂／藝術中心最頭痛唔係缺軟件，而係報名、續班、改期、收款散喺 WhatsApp／Excel。

我哋用半小時「業務聽診」先睇邊度漏跟，唔會一開始推系統。星期三或五下午方便傾嗎？

WhatsApp：+852 9310 3031
https://innovatexp.co"
10,KC Education Centre,學匯補習中心,Education / Tutoring,edu,Prince Edward,,+85223945833,+852 2394 5833,https://wa.me/85223945833,not_sent,PE WA 9547 5010; WC WA 9012 0578; list landline 2394 5833.,"你好，我係 Larry（InnovateXP）。好多補習／培訓中心最頭痛唔係缺軟件，而係查詢、試堂、報名、收款散喺 WhatsApp／Excel，同事放假就斷線。

我唔會一開始推系統。想約半小時「業務聽診」先鎖定一條最阻住收入嘅線。星期三或五下午方便嗎？

WhatsApp：+852 9310 3031
https://innovatexp.co"
11,MC Music,美斯音樂,Education / Training,training,Hong Kong,,+85221274214,+852 2127 4214,https://wa.me/85221274214,not_sent,HQ Tel 2127 4214; per-branch WA numbers on site — HQ number for first touch.,"你好，我係 Larry（InnovateXP）。好多舞蹈／音樂／藝術中心最頭痛唔係缺軟件，而係報名、續班、改期、收款散喺 WhatsApp／Excel。

我哋用半小時「業務聽診」先睇邊度漏跟，唔會一開始推系統。星期三或五下午方便傾嗎？

WhatsApp：+852 9310 3031
https://innovatexp.co"
12,Talent Learning Centre,思才學習中心,Education / Tutoring,edu,Chai Wan,Leung Sir / 梁Sir,+85228892790,+852 2889 2790,https://wa.me/85228892790,not_sent,Contact 梁Sir. Enrolment WA 6021 2570 / 9489 3426 also listed.,"梁Sir你好，我係 Larry（InnovateXP）。好多補習／培訓中心最頭痛唔係缺軟件，而係查詢、試堂、報名、收款散喺 WhatsApp／Excel，同事放假就斷線。

我唔會一開始推系統。想約半小時「業務聽診」先鎖定一條最阻住收入嘅線。星期三或五下午方便嗎？

WhatsApp：+852 9310 3031
https://innovatexp.co"
13,Very Good Tutorial School,穎績補習學校,Education / Tutoring,edu,Kwun Tong,,+85221918663,+852 2191 8663,https://wa.me/85221918663,not_sent,Also WA 5547 3515 on directories; list 2191 8663.,"你好，我係 Larry（InnovateXP）。好多補習／培訓中心最頭痛唔係缺軟件，而係查詢、試堂、報名、收款散喺 WhatsApp／Excel，同事放假就斷線。

我唔會一開始推系統。想約半小時「業務聽診」先鎖定一條最阻住收入嘅線。星期三或五下午方便嗎？

WhatsApp：+852 9310 3031
https://innovatexp.co"
