priority,company,company_zh,vertical,district,whatsapp_phone,website,contact_name,persona,pain_points,wa_status,notes,priority_reason
1-phone-only,Curva Pilates,,Fitness / Pilates,Causeway Bay,+85296656557,https://curvapilates.com/,,,,not_sent,Site curva-pilates.com lists cs@curva-pilates.com + alt phone 9438 8875; list phone 9665 6557 — confirm which WA before outreach. Skip email path if already moving to WA dual-touch.,No public email on cold-call-list; WhatsApp/phone-only path
1-phone-only,Essence Wellness,,Fitness / Pilates,Central,+85260676064,https://www.essencewellnesslimited.com/,Victor Cheng,,,not_sent,Founder Victor Cheng public on LinkedIn/site instructor mentions. WA 6067 6064.,No public email on cold-call-list; WhatsApp/phone-only path
1-phone-only,Jesel Studio,,Fitness / Pilates,Wan Chai,+85294273284,https://www.jeselstudio.com/,,,,not_sent,WhatsApp-only public contact. Cancel must be in Momence not WA.,No public email on cold-call-list; WhatsApp/phone-only path
1-phone-only,Ways Pilates,,Fitness / Pilates,Kwun Tong,+85269068051,https://www.wayspilates.com/,,,,not_sent,"wayspilates.com returned 500 during research; ClassPass WA 6906 8051. Address: Workshop 7, 15/F CORE 45.",No public email on cold-call-list; WhatsApp/phone-only path
1-phone-only,Zen Pilates,,Fitness / Pilates,Kwun Tong,+85252988293,https://zenpilates.org/,,,,not_sent,List phone 5298 8293; ClassPass also shows 6308 2388 — confirm live WA. Chung Mei Centre KT.,No public email on cold-call-list; WhatsApp/phone-only path
1-phone-only,Aspire Education,超研教育,Education / Tutoring,Prince Edward,+85228992330,https://www.aspireeducation.hk/,,,,not_sent,Phone/WA on site also 5116 7443 / 2899 2330 variants — use list +852 2899 2330 or confirm.,No public email on cold-call-list; WhatsApp/phone-only path
1-phone-only,Better Learning Together,善同教育中心,Education / Tutoring,To Kwa Wan,+85226563166,https://betterlearningtogether.org/,,,,not_sent,Also lists WA 9235 1707; primary list phone 2656 3166.,No public email on cold-call-list; WhatsApp/phone-only path
1-phone-only,Bright & Breezy Maths,朗晴數學,Education / Tutoring,Causeway Bay,+85237933116,https://www.bbmath.edu.hk/,Mr. Mak K.S.,,,not_sent,Contact Mr. Mak K.S. Site also WA 5729 1023 vs list 3793 3116.,No public email on cold-call-list; WhatsApp/phone-only path
1-phone-only,Central Dance Hong Kong,,Education / Training,Central,+85292028128,https://www.centraldancehongkong.com/,,,,failed,Brand also Dance@Central on site.,No public email on cold-call-list; WhatsApp/phone-only path
1-phone-only,KC Education Centre,學匯補習中心,Education / Tutoring,Prince Edward,+85223945833,https://www.kceducation.edu.hk/,,,,not_sent,PE WA 9547 5010; WC WA 9012 0578; list landline 2394 5833.,No public email on cold-call-list; WhatsApp/phone-only path
1-phone-only,MC Music,美斯音樂,Education / Training,Hong Kong,+85221274214,https://www.mcmusic.hk/,,,,not_sent,HQ Tel 2127 4214; per-branch WA numbers on site — HQ number for first touch.,No public email on cold-call-list; WhatsApp/phone-only path
1-phone-only,Talent Learning Centre,思才學習中心,Education / Tutoring,Chai Wan,+85228892790,http://tlcentre.com.hk/index.asp,Leung Sir / 梁Sir,,,not_sent,Contact 梁Sir. Enrolment WA 6021 2570 / 9489 3426 also listed.,No public email on cold-call-list; WhatsApp/phone-only path
1-phone-only,Very Good Tutorial School,穎績補習學校,Education / Tutoring,Kwun Tong,+85221918663,https://stem.very-good.edu.hk/,,,,not_sent,Also WA 5547 3515 on directories; list 2191 8663.,No public email on cold-call-list; WhatsApp/phone-only path
2-enriched,Cindy Dance Academy,,Education / Training,,+85290881939,https://www.cindyacademy.com/,Cindy,Kowloon · WhatsApp-first ops — Kids dance academy; Gmail + WhatsApp,Term報名同表演班名額靠WhatsApp；續期提醒；camp／比賽班名單易亂,failed,Public email on file: cindydanceacademy0103@gmail.com (WA dual-touch OK). Title hint: Founder. Angle: Discovery Sprint — class packs and enrolment,Enriched WhatsApp call list
2-enriched,Communication Music,,Education / Training,,+85263178890,https://www.communicationmusic.com/,,Hong Kong · WhatsApp-first ops — Chinese music private lessons; Gmail + WhatsApp,1:1堂diary改期好密；考試報名同續費提醒散WhatsApp；家長查詢重複答,failed,Public email on file: comm.music.service@gmail.com (WA dual-touch OK). Angle: Discovery Sprint — private lesson diary,Enriched WhatsApp call list
2-enriched,DanceKingdom,,Education / Training,,+85294320633,https://www.dancekingdom.com.hk/,,Hong Kong multi · WhatsApp-first ops — Kids street dance multi-location; admin@; WhatsApp-heavy school ops signal,Term報名同表演班名額靠WhatsApp；續期提醒；camp／比賽班名單易亂,failed,Public email on file: admin@dancekingdom.com.hk (WA dual-touch OK). Angle: 業務聽診 — class/enrolment ops,Enriched WhatsApp call list
2-enriched,Garden Hill Art,,Education / Training,,+85265995532,https://www.gardenhillart.com/,Tanya Tang,San Po Kong · WhatsApp-first ops — San Po Kong kids art studio; Gmail + WhatsApp booking,課程查詢同報名跟進散WhatsApp；名額／調堂用Excel難同步；續費易漏,failed,Public email on file: garden.hill.art.gallery@gmail.com (WA dual-touch OK). Title hint: Founder / Artist. Angle: Discovery Sprint — trial and monthly packs,Enriched WhatsApp call list
2-enriched,Gowld Art Centre,,Education / Training,,+85255459254,https://www.gowldart.com/,,Quarry Bay · WhatsApp-first ops — Quarry Bay art centre + space rental; Gmail + WhatsApp,課程查詢同報名跟進散WhatsApp；名額／調堂用Excel難同步；續費易漏,failed,Public email on file: gowldart@gmail.com (WA dual-touch OK). Angle: Discovery Sprint — class and rental booking,Enriched WhatsApp call list
2-enriched,Healing Voices,,Education / Training,,+85298675261,https://www.healingvoices.com.hk/,,Kowloon · WhatsApp-first ops — Music therapy training; info@ + WhatsApp,1:1堂diary改期好密；考試報名同續費提醒散WhatsApp；家長查詢重複答,failed,Public email on file: info@healingvoices.com.hk (WA dual-touch OK). Angle: Discovery Sprint — session booking,Enriched WhatsApp call list
2-enriched,Hong Kong Dance & Art Institute,,Education / Training,,+85227718338,http://www.hkdance.hk/,,Hong Kong · WhatsApp-first ops — Small dance institute; published contact email + WhatsApp,Term報名同表演班名額靠WhatsApp；續期提醒；camp／比賽班名單易亂,failed,Public email on file: fannylee@hkdance.hk (WA dual-touch OK). Angle: 業務聽診 — enrolment admin,Enriched WhatsApp call list
2-enriched,Infinity Dance Studio,,Education / Training,,+85223898202,https://www.infinitydance.com.hk/,,Tsim Sha Tsui · WhatsApp-first ops — TST dance studio SME; Gmail + WhatsApp booking,Term報名同表演班名額靠WhatsApp；續期提醒；camp／比賽班名單易亂,failed,Public email on file: cs.infinitydance@gmail.com (WA dual-touch OK). Angle: 業務聽診 — package/class follow-up,Enriched WhatsApp call list
2-enriched,Kelsey Chung Dance Studio,,Education / Training,,+85292292458,https://kelseychungds.auau.io/,Kelsey Chung,Hong Kong · owner-operator · WhatsApp-first ops — Owner-operator dance studio; Gmail + WhatsApp,Term報名同表演班名額靠WhatsApp；續期提醒；camp／比賽班名單易亂,failed,Public email on file: kelseychungdancestudio@gmail.com (WA dual-touch OK). Title hint: Founder. Angle: Discovery Sprint — class packs and enrolment,Enriched WhatsApp call list
2-enriched,Moskiddo,,Education / Training,,+85255004660,https://www.moskiddo.com/,,Wong Chuk Hang · WhatsApp-first ops — WCH indoor edutainment + coding; chat@ + WhatsApp,課程查詢同報名跟進散WhatsApp；名額／調堂用Excel難同步；續費易漏,not_sent,Public email on file: chat@moskiddo.com (WA dual-touch OK). Angle: Discovery Sprint — programme booking,Enriched WhatsApp call list
2-enriched,Musicphile,,Education / Training,,+85224557244,https://www.musicphilehk.com/,,Yuen Long · WhatsApp-first ops — NT music school + band room; enquiry@ + WhatsApp,1:1堂diary改期好密；考試報名同續費提醒散WhatsApp；家長查詢重複答,not_sent,Public email on file: enquiry@musicphilehk.com (WA dual-touch OK). Angle: 業務聽診 — lesson booking ops,Enriched WhatsApp call list
2-enriched,Muso HK Academy,,Education / Training,,+85290556833,https://musomusicacademy.com.hk/,,Wan Chai · WhatsApp-first ops — Wan Chai piano & violin 1:1; Gmail + WhatsApp,1:1堂diary改期好密；考試報名同續費提醒散WhatsApp；家長查詢重複答,not_sent,Public email on file: musomusicacademy@gmail.com (WA dual-touch OK). Angle: Discovery Sprint — lesson diary,Enriched WhatsApp call list
2-enriched,Natural Music,,Education / Training,,+85223001006,https://www.naturalmusiccenter.com/,,Hong Kong multi · WhatsApp-first ops — Music centre/education; info@ + WhatsApp enquiry,1:1堂diary改期好密；考試報名同續費提醒散WhatsApp；家長查詢重複答,not_sent,Public email on file: info@naturalmusiccenter.com (WA dual-touch OK). Angle: 業務聽診 — course enquiry follow-up,Enriched WhatsApp call list
2-enriched,Octave Above Music Studio,,Education / Training,,+85293146233,https://oapiano.com/,Joanna Chan,Sai Ying Pun · WhatsApp-first ops — SYP + Hung Hom piano studio; Gmail + WhatsApp,1:1堂diary改期好密；考試報名同續費提醒散WhatsApp；家長查詢重複答,not_sent,Public email on file: joannachan70@gmail.com (WA dual-touch OK). Title hint: Founder / Piano teacher. Angle: Discovery Sprint — lesson diary and recital ops,Enriched WhatsApp call list
2-enriched,Serein School of Ballet,,Education / Training,,+85293196268,https://www.sereinballet.com.hk/,,Hong Kong · WhatsApp-first ops — Ballet school; Gmail + WhatsApp,Term報名同表演班名額靠WhatsApp；續期提醒；camp／比賽班名單易亂,not_sent,Public email on file: sereinballet@gmail.com (WA dual-touch OK). Angle: Discovery Sprint — term enrolment,Enriched WhatsApp call list
2-enriched,Star Club STEM,,Education / Training,,+85252463627,https://www.starclubstem.com/,,Hong Kong · WhatsApp-first ops — Kids STEM/coding centre; info@ + WhatsApp,課程查詢同報名跟進散WhatsApp；名額／調堂用Excel難同步；續費易漏,not_sent,Public email on file: info@starclubstem.com (WA dual-touch OK). Angle: Discovery Sprint — camp and weekly class ops,Enriched WhatsApp call list
2-enriched,Star Music,,Education / Training,,+85231721764,https://www.starmusic.hk/,,Kwun Tong / Kwai Fong · boutique · WhatsApp-first ops — Boutique music concept centre; info@ + WhatsApp,1:1堂diary改期好密；考試報名同續費提醒散WhatsApp；家長查詢重複答,not_sent,Public email on file: info@starmusichongkong.com (WA dual-touch OK). Angle: 業務聽診 — enrolment/admin,Enriched WhatsApp call list
2-enriched,The Grand Ballet,,Education / Training,,+85255412200,https://www.thegrandballet.com/,,Wan Chai · WhatsApp-first ops — Wan Chai Vaganova ballet; 2 rooms; Gmail + WhatsApp,Term報名同表演班名額靠WhatsApp；續期提醒；camp／比賽班名單易亂,not_sent,Public email on file: thegrandballet@gmail.com (WA dual-touch OK). Angle: Discovery Sprint — term enrolment and recital ops,Enriched WhatsApp call list
2-enriched,Tim Sir Studio,,Education / Training,,+85255410942,https://www.timsirstudio.com/,,Causeway Bay · WhatsApp-first ops — CWB + Siu Sai Wan art classes; Gmail + WhatsApp,課程查詢同報名跟進散WhatsApp；名額／調堂用Excel難同步；續費易漏,not_sent,Public email on file: timsirstudio@gmail.com (WA dual-touch OK). Angle: Discovery Sprint — class packs and enrolment,Enriched WhatsApp call list
2-enriched,Toddle Kids Artground,,Education / Training,,+85228908312,https://www.toddlekidsart.com/,,Causeway Bay · WhatsApp-first ops — CWB kids art since 2009; Gmail + WhatsApp,課程查詢同報名跟進散WhatsApp；名額／調堂用Excel難同步；續費易漏,not_sent,Public email on file: tkartground@gmail.com (WA dual-touch OK). Angle: Discovery Sprint — class enrolment,Enriched WhatsApp call list
2-enriched,All Round Education Academy,,Education / Tutoring,,+85227244240,https://allround-edu.com/,,"Tsim Sha Tsui · WhatsApp-first ops — 3 HK centres + home/online; public phone and WhatsApp, no public email listed",多分校報名WhatsApp唔統一；試堂轉換難追；家長進度更新散,not_sent,Public email on file: tuition@allround-edu.com (WA dual-touch OK). Angle: Discovery Sprint — centre + home + online scheduling if still staff-run,Enriched WhatsApp call list
2-enriched,Anson Michael Education,,Education / Tutoring,,+85291535471,https://www.ameduhk.com.hk/,,Prince Edward · WhatsApp-first ops — Small Prince Edward maths/science rooms; Gmail + two WhatsApp mobiles,家長查學位／留位用WhatsApp；入數截圖確認；調堂同補堂好難跟,not_sent,Public email on file: ansonmichaeleducation@gmail.com (WA dual-touch OK). Angle: Discovery Sprint — trial booking and parent comms off Gmail/WhatsApp,Enriched WhatsApp call list
2-enriched,EPLC Education Centre,,Education / Tutoring,,+85221916011,https://www.eplc.edu.hk/,Ip Sir / 葉Sir,"Prince Edward · WhatsApp-first ops — Full classes, asks parents to WhatsApp/email to hold seats; Zoom + in-person timetable cha",面授+Zoom班日記亂；家長截圖入數確認學位；缺席補堂追蹤散,not_sent,"Public email on file: cs@eplc.edu.hk (WA dual-touch OK). Title hint: Lead Teacher / Founder-facing brand. Angle: Discovery Sprint — waitlists, trial days and seat-holds instead of WhatsApp",Enriched WhatsApp call list
2-enriched,Great Learning Education Centre,,Education / Tutoring,,+85235801908,https://www.greatlearning.edu.hk/,,Wan Chai / Mong Kok · WhatsApp-first ops — 2-centre tutoring SME; info@ + WhatsApp,多分校報名WhatsApp唔統一；試堂轉換難追；家長進度更新散,not_sent,Public email on file: info@greatlearning.edu.hk (WA dual-touch OK). Angle: 業務聽診 — trial/enrolment tracking,Enriched WhatsApp call list
2-enriched,International Elites Academy,,Education / Tutoring,,+85298739944,https://www.internationalelitesacademy.com/,,Hong Kong · WhatsApp-first ops — IB/GCSE tutoring; Gmail + WhatsApp,家長查學位／留位用WhatsApp；入數截圖確認；調堂同補堂好難跟,not_sent,Public email on file: ielitesacademy@gmail.com (WA dual-touch OK). Angle: Discovery Sprint — trial booking,Enriched WhatsApp call list
2-enriched,JoinIn Education,,Education / Tutoring,,+85254400855,https://www.joinin-education.com/,,Mong Kok · WhatsApp-first ops — 3 local centres; WhatsApp + Gmail; office hours say enquire/register by appointment,多分校報名WhatsApp唔統一；試堂轉換難追；家長進度更新散,not_sent,Public email on file: joinin.edu@gmail.com (WA dual-touch OK). Angle: Discovery Sprint — multi-centre enrolment and parent WhatsApp load,Enriched WhatsApp call list
2-enriched,Lok Yung Education Services,,Education / Tutoring,,+85263601287,https://www.lokyungservices.com/,,Tuen Mun · WhatsApp-first ops — Tuen Mun centre; Gmail + WhatsApp,家長查學位／留位用WhatsApp；入數截圖確認；調堂同補堂好難跟,not_sent,Public email on file: lokyungservice@gmail.com (WA dual-touch OK). Angle: Discovery Sprint — enrolment off WhatsApp/Gmail,Enriched WhatsApp call list
2-enriched,Math Insight,,Education / Tutoring,,+85296513910,https://www.mathinsight.com.hk/,Terry Wan,Prince Edward · owner-operator · WhatsApp-first ops — Founder-led PE maths; Gmail + WhatsApp only,家長查學位／留位用WhatsApp；入數截圖確認；調堂同補堂好難跟,not_sent,Public email on file: terrybgwan@gmail.com (WA dual-touch OK). Title hint: Founder. Angle: Discovery Sprint — enrolment and parent WhatsApp,Enriched WhatsApp call list
2-enriched,Spring Learning,,Education / Tutoring,,+85234655000,https://www.spring-learning.com.hk/,,Wan Chai · WhatsApp-first ops — HK learning centre; enquiry@ + WhatsApp; enrolment ops,家長查學位／留位用WhatsApp；入數截圖確認；調堂同補堂好難跟,not_sent,Public email on file: enquiry@spring-learning.com.hk (WA dual-touch OK). Angle: 業務聽診 — enquiry/enrolment follow-up,Enriched WhatsApp call list
2-enriched,StudyBoost Learning Centre,,Education / Tutoring,,+85298214915,https://www.studyboosthk.com/,,Causeway Bay · WhatsApp-first ops — CWB + TKO kids club; new-student enquiries on one WhatsApp/Gmail,家長查學位／留位用WhatsApp；入數截圖確認；調堂同補堂好難跟,not_sent,Public email on file: studyboostlearningcentre@gmail.com (WA dual-touch OK). Angle: Discovery Sprint — two-site kids enrolment off a single WhatsApp,Enriched WhatsApp call list
2-enriched,Top Bright Education Centre,,Education / Tutoring,,+85298422887,https://topbrighteducation.com/,,Hung Hom · WhatsApp-first ops — Single Hung Hom centre; Gmail + WhatsApp,家長查學位／留位用WhatsApp；入數截圖確認；調堂同補堂好難跟,not_sent,Public email on file: topbrighteducation@gmail.com (WA dual-touch OK). Angle: Discovery Sprint — enrolment off WhatsApp/Gmail,Enriched WhatsApp call list
2-enriched,Tutor Ricky,,Education / Tutoring,,+85251252772,https://tutor-ricky.com/,Ricky,Hong Kong · owner-operator · WhatsApp-first ops — Owner-operator tutor; Gmail + WhatsApp,家長查學位／留位用WhatsApp；入數截圖確認；調堂同補堂好難跟,not_sent,Public email on file: enquiry.tutor@gmail.com (WA dual-touch OK). Title hint: Tutor / Founder. Angle: Discovery Sprint — lesson diary,Enriched WhatsApp call list
2-enriched,Wiselad Education,,Education / Tutoring,,+85226609899,https://wiseladeducation.com.hk/,Dr. Tsui / 徐博士,Sha Tin (Shek Mun) · WhatsApp-first ops — Single Shek Mun centre; landline + WhatsApp + enquiry email; small-class primary/junior,家長查學位／留位用WhatsApp；入數截圖確認；調堂同補堂好難跟,not_sent,Public email on file: enquiry@wiseladeducation.com.hk (WA dual-touch OK). Title hint: Teacher (named in parent reviews). Angle: Discovery Sprint — summer/trial enrolment and parent progress updates,Enriched WhatsApp call list
2-enriched,Zheng Sir Tutoring,,Education / Tutoring,,+85297754718,https://www.cheng-sir.com/,Zheng Sir / 鄭SIR,Kwun Tong · owner-operator · WhatsApp-first ops — KT maths/English founder tutor; Gmail + WhatsApp 20+ yrs,家長查學位／留位用WhatsApp；入數截圖確認；調堂同補堂好難跟,not_sent,Public email on file: ctc.tutor@gmail.com (WA dual-touch OK). Title hint: Founder. Angle: Discovery Sprint — enrolment off WhatsApp/Gmail,Enriched WhatsApp call list
2-enriched,Bliss Of The Day,,Events / Professional services,,+85292305011,https://www.blissoftheday.com/,Poey,Hong Kong · WhatsApp-first ops — Floral atelier est. 2021; hello@ + WhatsApp; wedding+corporate,客人brief同改期全WhatsApp；vendor報價版本亂；活動當日run-of-show難共用,not_sent,Public email on file: hello@blissoftheday.com (WA dual-touch OK). Title hint: Founder. Angle: EventXP — event styling pipeline,Enriched WhatsApp call list
2-enriched,Event Planning HK,,Events / Professional services,,+85226684882,https://eventplanning.hk/,,Hong Kong — HK SME professional/event ops; public contact on site,客人brief同改期全WhatsApp；vendor報價版本亂；活動當日run-of-show難共用,not_sent,Public email on file: info@eventplanning.hk (WA dual-touch OK). Angle: EventXP / Discovery Sprint — lead intake and ops,Enriched WhatsApp call list
2-enriched,Eventist,,Events / Professional services,,+85236166088,https://www.eventist.com/,,Hong Kong — Event design SME; landlines public,客人brief同改期全WhatsApp；vendor報價版本亂；活動當日run-of-show難共用,not_sent,Public email on file: info@eventist.com (WA dual-touch OK). Angle: EventXP — event design pipeline,Enriched WhatsApp call list
2-enriched,VAVA Production,,Events / Professional services,,+85293392895,https://www.vavahk.com/en/,,Small Wan Chai expert planner; personalised meticulous,Lead全靠WhatsApp；vendor chase同客戶改期好亂；run-of-show版本散,not_sent,Phone-only public path; site says email us without public address.,Enriched WhatsApp call list
2-enriched,Barre Formula,,Fitness / Barre,,+85291305898,https://www.barreformula.com/,,Hong Kong · boutique · WhatsApp-first ops — Barre boutique; WhatsApp public,試堂／套票成日WhatsApp問；時間表改動要逐個通知；續課同PayMe/FPS截圖對帳好攞命,not_sent,Public email on file: ask@barreformula.com (WA dual-touch OK). Angle: FitnessXP — class packs off WhatsApp,Enriched WhatsApp call list
2-enriched,House of Fitness,,Fitness / Boutique gym,,+85260452325,https://hofhk.com/,Karan,Sheung Wan single-studio boutique,試堂後教練一小時內WhatsApp跟；pack轉換同no-show要人手記,not_sent,Contact Karan.,Enriched WhatsApp call list
2-enriched,Powerhouse HK,,Fitness / Boutique gym,,+85294300696,https://www.powerhouse.com.hk/,Joyce; Adrien,Sheung Wan · boutique · WhatsApp-first ops — Boutique HYROX gym; free PT trials booked on WhatsApp even though group classes use Mindbo,試堂／套票成日WhatsApp問；時間表改動要逐個通知；續課同PayMe/FPS截圖對帳好攞命,not_sent,Public email on file: info@powerhouse.com.hk (WA dual-touch OK). Title hint: Head of Conditioning; Head of Strength. Angle: FitnessXP / Discovery Sprint — unify PT WhatsApp intake with class-pack ops,Enriched WhatsApp call list
2-enriched,Wild Fitness,,Fitness / Boutique gym,,+85252263227,https://www.wildfitnesshk.com/,,Wan Chai · boutique · WhatsApp-first ops — Wan Chai pilates/yoga/kettlebell SME; Gmail + WhatsApp; also Tung Chung,試堂／套票成日WhatsApp問；時間表改動要逐個通知；續課同PayMe/FPS截圖對帳好攞命,not_sent,Public email on file: wild.fitness0428@gmail.com (WA dual-touch OK). Angle: FitnessXP — multi-class packs off WhatsApp,Enriched WhatsApp call list
2-enriched,Sovereign Qi,,Fitness / Gyrotonic,,+85297370238,https://www.sovereignqi.com/,,Hong Kong · WhatsApp-first ops — Gyrotonic teacher training + studio; WhatsApp,試堂／套票成日WhatsApp問；時間表改動要逐個通知；續課同PayMe/FPS截圖對帳好攞命,not_sent,Public email on file: info@sovereignqi.com (WA dual-touch OK). Angle: FitnessXP — private sessions and course enrolment,Enriched WhatsApp call list
2-enriched,Anhao Wellness,,Fitness / Pilates,,+85251994795,https://anhao-wellness.com/,,Sheung Wan · boutique · WhatsApp-first ops — 3 boutique pilates/barre sites; WhatsApp+admin@ for packs,買pack同book堂都靠WhatsApp；到期續購無系統提醒；轉堂規則解釋好花時間,not_sent,Public email on file: admin@anhao-wellness.com (WA dual-touch OK). Angle: FitnessXP — pack pause/cancel leftover on WhatsApp,Enriched WhatsApp call list
2-enriched,Char Wellness,,Fitness / Pilates,,+85252255538,https://charyogaandwellness.auau.io/,Char,San Po Kong · WhatsApp-first ops — SPK pilates/yoga wellness; Gmail + WhatsApp,試堂／套票成日WhatsApp問；時間表改動要逐個通知；續課同PayMe/FPS截圖對帳好攞命,not_sent,Public email on file: wellnesswithchar@gmail.com (WA dual-touch OK). Angle: FitnessXP — small-studio packs,Enriched WhatsApp call list
2-enriched,CoreAge,,Fitness / Pilates,,+85260876175,https://coreagehk.com/,,Tsim Sha Tsui · WhatsApp-first ops — Single TST studio; 40+ weekly classes; same number for phone and WhatsApp; long-expiry cla,買pack同book堂都靠WhatsApp；到期續購無系統提醒；轉堂規則解釋好花時間,not_sent,"Public email on file: coreagepilates@gmail.com (WA dual-touch OK). Angle: FitnessXP — pack expiry, 1-person class fills, and trial booking off WhatsApp",Enriched WhatsApp call list
2-enriched,Corelle Pilates,,Fitness / Pilates,,+85297371391,https://www.corellepilates.com/,Valeriia Kim,Sheung Wan · WhatsApp-first ops — New Sheung Wan studio; max 6; intro packs; WhatsApp + admin email; also runs community eve,買pack同book堂都靠WhatsApp；到期續購無系統提醒；轉堂規則解釋好花時間,not_sent,Public email on file: admin@corellepilates.com (WA dual-touch OK). Title hint: Co-founder / CEO. Angle: FitnessXP — intro packs and community events without WhatsApp admin (EventXP if events grow),Enriched WhatsApp call list
2-enriched,Elevate Pilates HK,,Fitness / Pilates,,+85226984228,https://www.elevate-hk.com/,Carlo AC Pacis,Central · boutique · WhatsApp-first ops — Central boutique; public WhatsApp/phone + admin email; personalized/private positioning,試堂／套票成日WhatsApp問；時間表改動要逐個通知；續課同PayMe/FPS截圖對帳好攞命,not_sent,Public email on file: admin@elevate-hk.com (WA dual-touch OK). Title hint: Co-founder. Angle: FitnessXP — private-session diary and client follow-up,Enriched WhatsApp call list
2-enriched,Flex Studio HK,,Fitness / Pilates,,+85257409420,https://flexstudiopilates.com/hk/,,Central / Wong Chuk Hang · boutique · WhatsApp-first ops — Boutique classical Pilates multi-location HK; public info@; class packs/admin likely Whats,買pack同book堂都靠WhatsApp；到期續購無系統提醒；轉堂規則解釋好花時間,not_sent,Public email on file: info@flexhk.com (WA dual-touch OK). Angle: 業務聽診 — studio booking/pack ops,Enriched WhatsApp call list
2-enriched,In-Motion,,Fitness / Pilates,,+85291670828,https://www.in-motion.hk/,,Tsim Sha Tsui · WhatsApp-first ops — TST reformer + mat + physio rehab; info@ + WhatsApp,試堂／套票成日WhatsApp問；時間表改動要逐個通知；續課同PayMe/FPS截圖對帳好攞命,not_sent,Public email on file: info@in-motion.hk (WA dual-touch OK). Angle: FitnessXP — rehab + group diary,Enriched WhatsApp call list
2-enriched,KIO Pilates,,Fitness / Pilates,,+85292210121,https://www.greenqueen.com.hk/green-queen-guide-hong-kong/25089/pilates-method/,,Hong Kong · boutique · WhatsApp-first ops — Boutique pilates; email+WhatsApp on Green Queen directory,試堂／套票成日WhatsApp問；時間表改動要逐個通知；續課同PayMe/FPS截圖對帳好攞命,not_sent,Public email on file: kiopilates@kiopilates.com (WA dual-touch OK). Angle: FitnessXP — private pilates diary,Enriched WhatsApp call list
2-enriched,Latte Pilates,,Fitness / Pilates,,+85262352095,https://www.lattepilateshk.com/,,Hong Kong (multi) · WhatsApp-first ops — Multi-site reformer; Gmail + WhatsApp; private + group,多分店時間表同套票共用一個WhatsApp好亂；試堂跟進唔知邊間；續費截圖散對話,not_sent,Public email on file: lattepilateshk@gmail.com (WA dual-touch OK). Angle: FitnessXP — multi-site pack booking,Enriched WhatsApp call list
2-enriched,Mindful Pilates,,Fitness / Pilates,,+85263412392,https://www.mindfulpilates.com.hk/,,Sheung Wan · WhatsApp-first ops — Single Sheung Wan studio; private classes and package transfers handled on WhatsApp/email,買pack同book堂都靠WhatsApp；到期續購無系統提醒；轉堂規則解釋好花時間,not_sent,"Public email on file: info@mindfulpilates.com.hk (WA dual-touch OK). Angle: FitnessXP — private bookings, no-show rules and pack transfers without WhatsApp admin",Enriched WhatsApp call list
2-enriched,Moss Pilates Studio,,Fitness / Pilates,,+85235639901,https://www.mosspilatesstudio.com/,,Central · WhatsApp-first ops — Single Hollywood Road studio; public landline + WhatsApp + Gmail; private assessment then ,買pack同book堂都靠WhatsApp；到期續購無系統提醒；轉堂規則解釋好花時間,not_sent,Public email on file: mosspilatesstudio@gmail.com (WA dual-touch OK). Angle: FitnessXP — private-session scheduling and package tracking off WhatsApp/Gmail,Enriched WhatsApp call list
2-enriched,NUE Pilates Boutique,,Fitness / Pilates,,+85264781998,https://nuepilates.com/,,Central · boutique · WhatsApp-first ops — Central boutique; ~5 instructors; info@ + WhatsApp,試堂／套票成日WhatsApp問；時間表改動要逐個通知；續課同PayMe/FPS截圖對帳好攞命,not_sent,Public email on file: info@nuepilates.com (WA dual-touch OK). Angle: FitnessXP — small-studio class packs,Enriched WhatsApp call list
2-enriched,O2 Max Pilates,,Fitness / Pilates,,+85264441635,https://o2maxpilates.co/,,Tsuen Wan · boutique · WhatsApp-first ops — Tsuen Wan HIIT-Lates boutique; info@ + WhatsApp,試堂／套票成日WhatsApp問；時間表改動要逐個通知；續課同PayMe/FPS截圖對帳好攞命,not_sent,Public email on file: info@o2pilates.co (WA dual-touch OK). Angle: FitnessXP — class packs off WhatsApp,Enriched WhatsApp call list
2-enriched,O:RIN,,Fitness / Pilates,,+85255066771,https://www.orin.com.hk/,,Tsim Sha Tsui · WhatsApp-first ops — 3 HK studios but still says WhatsApp to book only; landlines per site,多分店時間表同套票共用一個WhatsApp好亂；試堂跟進唔知邊間；續費截圖散對話,not_sent,Public email on file: hi@orin.com.hk (WA dual-touch OK). Angle: FitnessXP — one booking number across TST / Quarry Bay / Central instead of WhatsApp-only,Enriched WhatsApp call list
2-enriched,Options Pilates Studio HK,,Fitness / Pilates,,+85297493669,https://optionspilatesstudio.com/hk/,,Central · boutique · WhatsApp-first ops — Central boutique; WhatsApp + hk@ for trials,試堂／套票成日WhatsApp問；時間表改動要逐個通知；續課同PayMe/FPS截圖對帳好攞命,not_sent,Public email on file: hk@options-studio.com (WA dual-touch OK). Angle: FitnessXP — HK trial and pack ops,Enriched WhatsApp call list
2-enriched,Physio Loft,,Fitness / Pilates,,+85295433368,https://www.physioloft.com.hk/,Ervin Paunan,Sheung Wan · WhatsApp-first ops — Sheung Wan physio+Pilates+Gyrotonic; Konnector room; WhatsApp/email,試堂／套票成日WhatsApp問；時間表改動要逐個通知；續課同PayMe/FPS截圖對帳好攞命,not_sent,Public email on file: info@physioloft.com.hk (WA dual-touch OK). Title hint: Physiotherapist / Lead. Angle: FitnessXP — private/group mix and physio follow-up,Enriched WhatsApp call list
2-enriched,Pilates Body HK,,Fitness / Pilates,,+85269435981,https://www.pilatesbody-hk.com/,,Hong Kong · boutique · WhatsApp-first ops — Reformer boutique; Gmail + WhatsApp,試堂／套票成日WhatsApp問；時間表改動要逐個通知；續課同PayMe/FPS截圖對帳好攞命,not_sent,Public email on file: pilatesbodyhk@gmail.com (WA dual-touch OK). Angle: FitnessXP — reformer packs off WhatsApp/Gmail,Enriched WhatsApp call list
2-enriched,Pilates Edge,,Fitness / Pilates,,+85267911756,https://www.pilatesedge.hk/,,Mong Kok · boutique · WhatsApp-first ops — Women-only Mong Kok boutique; info@ + WhatsApp,試堂／套票成日WhatsApp問；時間表改動要逐個通知；續課同PayMe/FPS截圖對帳好攞命,not_sent,Public email on file: info@pilatesedge.hk (WA dual-touch OK). Angle: FitnessXP — women-only pack and private diary,Enriched WhatsApp call list
2-enriched,Pilates Healing,,Fitness / Pilates,,+85290199396,https://www.pilateshealing.com/,Angus,Sai Ying Pun / San Po Kong · owner-operator · WhatsApp-first ops — Owner-operator rehab pilates; Gmail + WhatsApp only,試堂／套票成日WhatsApp問；時間表改動要逐個通知；續課同PayMe/FPS截圖對帳好攞命,not_sent,Public email on file: anguspilates@gmail.com (WA dual-touch OK). Angle: 業務聽診 — booking/pack follow-up,Enriched WhatsApp call list
2-enriched,Pilates La Vie,,Fitness / Pilates,,+85266538575,https://pilateslaviehk.com/,,Quarry Bay · WhatsApp-first ops — Quarry Bay pilates; cs@ + WhatsApp,試堂／套票成日WhatsApp問；時間表改動要逐個通知；續課同PayMe/FPS截圖對帳好攞命,not_sent,Public email on file: cs@pilateslaviehk.com (WA dual-touch OK). Angle: FitnessXP — class packs off WhatsApp,Enriched WhatsApp call list
2-enriched,Pilates SENS,,Fitness / Pilates,,+85267181828,https://pilatessens.com/,,Sha Tin (Shek Mun) · boutique · WhatsApp-first ops — Shek Mun reformer boutique; Gmail + WhatsApp,試堂／套票成日WhatsApp問；時間表改動要逐個通知；續課同PayMe/FPS截圖對帳好攞命,not_sent,Public email on file: pilates.sens.hk@gmail.com (WA dual-touch OK). Angle: FitnessXP — reformer class packs,Enriched WhatsApp call list
2-enriched,Promise Os Wellness,,Fitness / Pilates,,+85261668061,https://promiseoswellness.com.hk/,,"Kwun Tong · WhatsApp-first ops — KT / CWB / TST pilates + physio; site says book via WhatsApp or form, reply in 1 working d",試堂／套票成日WhatsApp問；時間表改動要逐個通知；續課同PayMe/FPS截圖對帳好攞命,not_sent,Public email on file: promiseoswellness@gmail.com (WA dual-touch OK). Angle: FitnessXP — multi-site trial booking and treatment packages off WhatsApp,Enriched WhatsApp call list
2-enriched,REFORM.,,Fitness / Pilates,,+85298234728,https://re-form.hk/,Kylie,Central · WhatsApp-first ops — Brand-new dancer-led studio; PayMe/FPS then WhatsApp screenshot to confirm class packs,買pack同book堂都靠WhatsApp；到期續購無系統提醒；轉堂規則解釋好花時間,not_sent,Public email on file: reform.hk26@gmail.com (WA dual-touch OK). Title hint: Founder / Instructor. Angle: FitnessXP — lock founding packs + WhatsApp confirmations into one booking flow,Enriched WhatsApp call list
2-enriched,Relevé Pilates,,Fitness / Pilates,,+85255031881,https://www.relevehk.com/,,Sheung Wan · boutique · WhatsApp-first ops — 4-reformer boutique; WhatsApp + Gmail booking; 10/20 class packs; no obvious SaaS stack,買pack同book堂都靠WhatsApp；到期續購無系統提醒；轉堂規則解釋好花時間,not_sent,Public email on file: releve.hk@gmail.com (WA dual-touch OK). Angle: FitnessXP — replace WhatsApp class-pack booking with a simple studio ops system,Enriched WhatsApp call list
2-enriched,SELF Fitness Studio,,Fitness / Pilates,,+85291751627,https://www.selffitness.studio/,,Central · boutique · WhatsApp-first ops — Only Garuda Apparatus boutique in Central; small-group; info@ + WhatsApp,試堂／套票成日WhatsApp問；時間表改動要逐個通知；續課同PayMe/FPS截圖對帳好攞命,not_sent,Public email on file: info@selffitness.studio (WA dual-touch OK). Angle: FitnessXP — small-group packs and teacher-training diary,Enriched WhatsApp call list
2-enriched,Tree Studio,,Fitness / Pilates,,+85284029502,https://www.treestudiowellness.com/,Ada,Tseung Kwan O · owner-operator · boutique · WhatsApp-first ops — TKO boutique Pilates; founder Ada; Gmail + WhatsApp,試堂／套票成日WhatsApp問；時間表改動要逐個通知；續課同PayMe/FPS截圖對帳好攞命,not_sent,Public email on file: infotreestudiohk@gmail.com (WA dual-touch OK). Title hint: Founder. Angle: FitnessXP — single-studio packs,Enriched WhatsApp call list
2-enriched,YOO Pilates & Barre,,Fitness / Pilates,,+85264661938,https://yooanit.com.hk/,,Central · owner-operator · WhatsApp-first ops — Small Central pilates/barre; Gmail + WhatsApp owner-operator signal,試堂／套票成日WhatsApp問；時間表改動要逐個通知；續課同PayMe/FPS截圖對帳好攞命,not_sent,Public email on file: yoopilateshk@gmail.com (WA dual-touch OK). Angle: 業務聽診 — scheduling/续堂,Enriched WhatsApp call list
2-enriched,Central Crux Physiotherapy,,Fitness / Therapy,,+85257038309,https://www.garyngphysio.com/,Gary Ng,Central · owner-operator · WhatsApp-first ops — Owner-led Central physio; info@ + WhatsApp,預約改期全靠WhatsApp；治療package餘額難追；复诊提醒易漏,not_sent,Public email on file: info@garyngphysio.com (WA dual-touch OK). Title hint: Physiotherapist. Angle: Discovery Sprint — appointment WhatsApp follow-up,Enriched WhatsApp call list
2-enriched,Asian Fitness Therapy Centre,,Fitness / Therapy (BNI-linked),,+85225780056,https://aftc.com.hk/,Dr. Kelly Yiu,Quarry Bay · WhatsApp-first ops — Multi-site but still WhatsApp-for-appointment; BNI Creation chapter member — referral-busi,預約改期全靠WhatsApp；治療package餘額難追；复诊提醒易漏,not_sent,Public email on file: admin@aftc.com.hk (WA dual-touch OK). Title hint: Physiotherapist (BNI Creation listing). Angle: Discovery Sprint / EventXP — appointment WhatsApp plus BNI referral follow-up,Enriched WhatsApp call list
2-enriched,Helix Wellness,,Fitness / Therapy (BNI-linked),,+85265980008,https://helixwellness.com.hk/,Arron Lau,Central · boutique · WhatsApp-first ops — Central physio+PT boutique; BNI-linked; admin@ + WhatsApp,預約改期全靠WhatsApp；治療package餘額難追；复诊提醒易漏,not_sent,Public email on file: admin@helixwellness.com.hk (WA dual-touch OK). Title hint: Physiotherapist / Co-founder. Angle: Discovery Sprint — appointment WhatsApp + BNI referral follow-up,Enriched WhatsApp call list
2-enriched,Afresh Yoga,,Fitness / Yoga,,+85236430997,https://www.afresh-yoga.com/,,Mong Kok · WhatsApp-first ops — 2 local studios; trial and enquiry still routed to WhatsApp even after a new login system,多分店時間表同套票共用一個WhatsApp好亂；試堂跟進唔知邊間；續費截圖散對話,not_sent,"Public email on file: General@afresh-yoga.com (WA dual-touch OK). Angle: FitnessXP — trial, timetable and pack sales in one place for MK + Kwun Tong",Enriched WhatsApp call list
2-enriched,Anahata Yoga,,Fitness / Yoga,,+85229051822,https://www.anahatayoga.com.hk/,,Central · WhatsApp-first ops — Central yoga; WhatsApp + info@; tailor-made programmes,試堂／套票成日WhatsApp問；時間表改動要逐個通知；續課同PayMe/FPS截圖對帳好攞命,not_sent,Public email on file: info@anahatayoga.com.hk (WA dual-touch OK). Angle: FitnessXP — programme packs and WhatsApp enquiry,Enriched WhatsApp call list
2-enriched,MOVE Studio,,Fitness / Yoga,,+85268750732,https://www.movestudiohk.com/,Paige Fitzmaurice,Central · boutique · WhatsApp-first ops — Women-owned Central boutique; WhatsApp booking; info@,試堂／套票成日WhatsApp問；時間表改動要逐個通知；續課同PayMe/FPS截圖對帳好攞命,not_sent,Public email on file: info@movestudiohk.com (WA dual-touch OK). Title hint: Founder. Angle: FitnessXP — class packs and private diary,Enriched WhatsApp call list
2-enriched,OMIYOGA,,Fitness / Yoga,,+85251097502,https://www.omiyoga.com/,,Central · WhatsApp-first ops — Central+TST cosy yoga academy; info@ + WhatsApp,試堂／套票成日WhatsApp問；時間表改動要逐個通知；續課同PayMe/FPS截圖對帳好攞命,not_sent,Public email on file: info@omiyoga.com (WA dual-touch OK). Angle: FitnessXP — class packs off WhatsApp,Enriched WhatsApp call list
2-enriched,Omni Yoga & Pilates,,Fitness / Yoga,,+85268889331,https://www.omniyogahk.com/,,Wan Chai · WhatsApp-first ops — Wan Chai yoga+pilates+aerial; hello@ + WhatsApp credits,試堂／套票成日WhatsApp問；時間表改動要逐個通知；續課同PayMe/FPS截圖對帳好攞命,not_sent,Public email on file: hello@omniyogahk.com (WA dual-touch OK). Angle: FitnessXP — credit packs and workshop booking,Enriched WhatsApp call list
2-enriched,One Yoga Studio,,Fitness / Yoga,,+85263656124,https://www.oneyoga-studio.com/,,Central · WhatsApp-first ops — Central/TST/NP; WhatsApp + info@,試堂／套票成日WhatsApp問；時間表改動要逐個通知；續課同PayMe/FPS截圖對帳好攞命,not_sent,Public email on file: info@oneyoga-studio.com (WA dual-touch OK). Angle: FitnessXP — multi-site trial packs,Enriched WhatsApp call list
2-enriched,SOW Yoga,,Fitness / Yoga,,+85268102092,https://www.sow-yoga.com/,,Tai Hang · boutique · WhatsApp-first ops — Tai Hang boutique; Gmail + WhatsApp; trial packs,買pack同book堂都靠WhatsApp；到期續購無系統提醒；轉堂規則解釋好花時間,not_sent,Public email on file: sowyoga.hongkong@gmail.com (WA dual-touch OK). Angle: FitnessXP — trial and class packs,Enriched WhatsApp call list
2-enriched,Studio Sage Yoga,,Fitness / Yoga,,+85263983318,https://studiosageyoga.com/,Elaine,Ngau Tau Kok · WhatsApp-first ops — NTK yoga+aerial+reformer; Gmail + WhatsApp,試堂／套票成日WhatsApp問；時間表改動要逐個通知；續課同PayMe/FPS截圖對帳好攞命,not_sent,Public email on file: studiosage.b2@gmail.com (WA dual-touch OK). Title hint: Instructor (reviews). Angle: FitnessXP — drop-in and pack sales,Enriched WhatsApp call list
2-enriched,The Yoga Room,,Fitness / Yoga,,+85225448398,https://www.yogaroomhk.com/,Hema Mirpuri Aswani,Sheung Wan · WhatsApp-first ops — 100+ classes/week and class packs; posts still push call/WhatsApp to reserve workshops and,買pack同book堂都靠WhatsApp；到期續購無系統提醒；轉堂規則解釋好花時間,not_sent,Public email on file: info@yogaroomhk.com (WA dual-touch OK). Title hint: Founder / Managing Partner. Angle: FitnessXP — class packs + workshop/retreat waitlists without WhatsApp chasing,Enriched WhatsApp call list
2-enriched,Yoga Actually,,Fitness / Yoga,,+85251138896,https://yoga-actually.com/,,Tsim Sha Tsui · WhatsApp-first ops — Single Jordan/TST studio; enquiry and WhatsApp share one number,試堂／套票成日WhatsApp問；時間表改動要逐個通知；續課同PayMe/FPS截圖對帳好攞命,not_sent,Public email on file: wecare@yoga-actually.com (WA dual-touch OK). Angle: FitnessXP — class enquiry and pack sales off a single WhatsApp line,Enriched WhatsApp call list
2-enriched,Yoga Bagel HK,,Fitness / Yoga,,+85292981851,https://www.yogabagel.com/,,Sheung Wan · WhatsApp-first ops — Single-studio since 2018; WhatsApp + Gmail only; small class sizes,試堂／套票成日WhatsApp問；時間表改動要逐個通知；續課同PayMe/FPS截圖對帳好攞命,not_sent,Public email on file: yogabagelhk@gmail.com (WA dual-touch OK). Angle: FitnessXP — simple class booking and pack expiry instead of WhatsApp,Enriched WhatsApp call list
2-enriched,SetupHK,,Professional services,,+85238452888,https://setuphk.com/,,Hong Kong — HK SME; public contact found on site,查詢同跟進散喺WhatsApp；人手Excel對帳；續約／收款易漏,not_sent,Public email on file: cs@setuphk.com (WA dual-touch OK). Angle: Discovery Sprint / EventXP / FitnessXP — ops off WhatsApp/email,Enriched WhatsApp call list
