company,company_zh,vertical,district,contact_name,whatsapp_phone,wa_me,source_url,why_new,confidence,message,notes
Avobody,,Fitness / Pilates,Central / Quarry Bay,,+85265330705,https://wa.me/85265330705,https://www.avobody.com.hk/pilates,"Not in cold-call-list, sent-log, or any whatsapp-* / batch CSVs; phone 65330705 absent",high,"你好，我係 Larry（InnovateXP）。好多 studio 最頭痛唔係缺軟件，而係排程、出席、續堂、收款散喺 WhatsApp／Excel。

我唔會一開始推系統。想約半小時「業務聽診」先睇邊度漏跟——上個月幫 Zomate Fitness 做完，admin 由 8hr／週減到 1.5hr／週。星期三或五下午方便嗎？

WhatsApp：+852 9310 3031
https://innovatexp.co",Site lists Tel landline 3488 3898 + explicit WhatsApp 6533 0705 for booking
TATA Pilates,他她普拉提,Fitness / Pilates,Lai Chi Kok,,+85261014245,https://wa.me/85261014245,https://tatapilates.com/,Not on any InnovateXP cold/whatsapp lists; phone 61014245 absent,high,"你好，我係 Larry（InnovateXP）。好多 studio 最頭痛唔係缺軟件，而係排程、出席、續堂、收款散喺 WhatsApp／Excel。

我唔會一開始推系統。想約半小時「業務聽診」先睇邊度漏跟——上個月幫 Zomate Fitness 做完，admin 由 8hr／週減到 1.5hr／週。星期三或五下午方便嗎？

WhatsApp：+852 9310 3031
https://innovatexp.co",24hr studio rental; booking via WhatsApp (+852) 6101 4245 on official site
Sincere Yoga HK,善瑜伽,Yoga,Kwun Tong,,+85298739459,https://wa.me/85298739459,https://www.sincereyogahk.com/contact,Not on cold lists; phone 98739459 absent,high,"你好，我係 Larry（InnovateXP）。好多 studio 最頭痛唔係缺軟件，而係排程、出席、續堂、收款散喺 WhatsApp／Excel。

我唔會一開始推系統。想約半小時「業務聽診」先睇邊度漏跟——上個月幫 Zomate Fitness 做完，admin 由 8hr／週減到 1.5hr／週。星期三或五下午方便嗎？

WhatsApp：+852 9310 3031
https://innovatexp.co",Contact page: Tel / WhatsApp (852) 98739459; bookings confirmed by WA
POB Pilates,,Fitness / Pilates,Kwun Tong,Clive,+85293222001,https://wa.me/85293222001,http://www.pob.com.hk/,Not on cold lists; phone 93222001 absent,high,"Clive你好，我係 Larry（InnovateXP）。好多 studio 最頭痛唔係缺軟件，而係排程、出席、續堂、收款散喺 WhatsApp／Excel。

我唔會一開始推系統。想約半小時「業務聽診」先睇邊度漏跟——上個月幫 Zomate Fitness 做完，admin 由 8hr／週減到 1.5hr／週。星期三或五下午方便嗎？

WhatsApp：+852 9310 3031
https://innovatexp.co",Site: Whatsapp 9322 2001 (Clive); Tel landline 2757 1733 separate
BY Studio,,Fitness / Pilates,Lai Chi Kok / Jordan / Mong Kok,,+85297395066,https://wa.me/85297395066,https://bystudiohk.com/refineduo-reformer/,Not on cold lists; phone 97395066 absent,high,"你好，我係 Larry（InnovateXP）。好多 studio 最頭痛唔係缺軟件，而係排程、出席、續堂、收款散喺 WhatsApp／Excel。

我唔會一開始推系統。想約半小時「業務聽診」先睇邊度漏跟——上個月幫 Zomate Fitness 做完，admin 由 8hr／週減到 1.5hr／週。星期三或五下午方便嗎？

WhatsApp：+852 9310 3031
https://innovatexp.co",Official site Contact: WhatsApp 97395066; multi-branch SME studio
Rising Star Dance Studio,昇星舞蹈室,Dance / Kids,Prince Edward,,+85296242928,https://wa.me/85296242928,https://www.risingstardancehk.com/,Not on cold lists; phone 96242928 absent,high,"你好，我係 Larry（InnovateXP）。好多補習／培訓／舞蹈音樂中心最頭痛唔係缺軟件，而係查詢、試堂、報名、收款散喺 WhatsApp／Excel，同事放假就斷線。

我唔會一開始推系統。想約半小時「業務聽診」先鎖定一條最阻住收入嘅線。星期三或五下午方便嗎？

WhatsApp：+852 9310 3031
https://innovatexp.co",Site: WhatsApp查詢 (852) 9624 2928; Latin/Kpop kids classes
Supreme Dance Academy,飛躍舞蹈學院,Dance,Shek Mun (Sha Tin),,+85261760479,https://wa.me/85261760479,https://www.supremedancehk.com/blank-3,Not on cold lists; phone 61760479 absent,high,"你好，我係 Larry（InnovateXP）。好多補習／培訓／舞蹈音樂中心最頭痛唔係缺軟件，而係查詢、試堂、報名、收款散喺 WhatsApp／Excel，同事放假就斷線。

我唔會一開始推系統。想約半小時「業務聽診」先鎖定一條最阻住收入嘅線。星期三或五下午方便嗎？

WhatsApp：+852 9310 3031
https://innovatexp.co",Contact: Tel landline 3188 5823 + WhatsApp 61760479
Hong Kong Philharmonic Music Organisation,香港譜樂,Music / Training,Mong Kok / Sheung Wan / Sha Tin (multi),,+85262896815,https://wa.me/85262896815,https://www.hkpmo.org/tc/childstring.php,Not on cold lists; phone 62896815 absent,high,"你好，我係 Larry（InnovateXP）。好多補習／培訓／舞蹈音樂中心最頭痛唔係缺軟件，而係查詢、試堂、報名、收款散喺 WhatsApp／Excel，同事放假就斷線。

我唔會一開始推系統。想約半小時「業務聽診」先鎖定一條最阻住收入嘅線。星期三或五下午方便嗎？

WhatsApp：+852 9310 3031
https://innovatexp.co",Youth string classes page: Whatsapp 62896815 for violin/viola/cello enquiry
Crescent Education,弦月教育,Education / Tutoring,Tsuen Wan,,+85294286241,https://wa.me/85294286241,https://crescenteduhk.com/tw/,Not on cold lists; phone 94286241 absent,high,"你好，我係 Larry（InnovateXP）。好多補習／培訓／舞蹈音樂中心最頭痛唔係缺軟件，而係查詢、試堂、報名、收款散喺 WhatsApp／Excel，同事放假就斷線。

我唔會一開始推系統。想約半小時「業務聽診」先鎖定一條最阻住收入嘅線。星期三或五下午方便嗎？

WhatsApp：+852 9310 3031
https://innovatexp.co",TW campus page: WhatsApp 94286241 to book visit/trial; DSE/primary tutoring SME
SMK Tap Dance Studio,SMK踢躂舞教室,Dance / Music,Kwai Chung,,+85293243180,https://wa.me/85293243180,https://en.smktapdancestudio.biz/service-smktapdancestudio,Not on cold lists; phone 93243180 absent,high,"你好，我係 Larry（InnovateXP）。好多補習／培訓／舞蹈音樂中心最頭痛唔係缺軟件，而係查詢、試堂、報名、收款散喺 WhatsApp／Excel，同事放假就斷線。

我唔會一開始推系統。想約半小時「業務聽診」先鎖定一條最阻住收入嘅線。星期三或五下午方便嗎？

WhatsApp：+852 9310 3031
https://innovatexp.co",Site: (852) 93243180 / 62668370 (WhatsApp/WeChat); tap + kids drum
