company,company_zh,vertical,contact_name,old_phone,whatsapp_phone,phone_display,wa_me,changed,list_verdict,confidence,source,message
Curva Pilates,,Fitness / Pilates,,+85296656557,+85294388875,+852 9438 8875,https://wa.me/85294388875,yes,uncertain,medium,ClassPass Hong Kong listing,"你好，我係 Larry（InnovateXP）。好多 studio 最頭痛唔係缺軟件，而係排程、出席、續堂、收款散喺 WhatsApp／Excel。

我唔會一開始推系統。想約半小時「業務聽診」先睇邊度漏跟——上個月幫 Zomate Fitness 做完，admin 由 8hr／週減到 1.5hr／週。星期三或五下午方便嗎？

WhatsApp：+852 9310 3031
https://innovatexp.co"
Essence Wellness,,Fitness / Pilates,Victor Cheng,+85260676064,+85260676064,+852 6067 6064,https://wa.me/85260676064,no,valid_mobile,high,Essence Wellness official website,"Victor你好，我係 Larry（InnovateXP）。好多 studio 最頭痛唔係缺軟件，而係排程、出席、續堂、收款散喺 WhatsApp／Excel。

我唔會一開始推系統。想約半小時「業務聽診」先睇邊度漏跟——上個月幫 Zomate Fitness 做完，admin 由 8hr／週減到 1.5hr／週。星期三或五下午方便嗎？

WhatsApp：+852 9310 3031
https://innovatexp.co"
Jesel Studio,,Fitness / Pilates,,+85294273284,+85294273284,+852 9427 3284,https://wa.me/85294273284,no,valid_mobile,high,JeSeL Studio official website,"你好，我係 Larry（InnovateXP）。好多 studio 最頭痛唔係缺軟件，而係排程、出席、續堂、收款散喺 WhatsApp／Excel。

我唔會一開始推系統。想約半小時「業務聽診」先睇邊度漏跟——上個月幫 Zomate Fitness 做完，admin 由 8hr／週減到 1.5hr／週。星期三或五下午方便嗎？

WhatsApp：+852 9310 3031
https://innovatexp.co"
Ways Pilates,,Fitness / Pilates,,+85269068051,+85269068051,+852 6906 8051,https://wa.me/85269068051,no,valid_mobile,medium,ClassPass Hong Kong listing,"你好，我係 Larry（InnovateXP）。好多 studio 最頭痛唔係缺軟件，而係排程、出席、續堂、收款散喺 WhatsApp／Excel。

我唔會一開始推系統。想約半小時「業務聽診」先睇邊度漏跟——上個月幫 Zomate Fitness 做完，admin 由 8hr／週減到 1.5hr／週。星期三或五下午方便嗎？

WhatsApp：+852 9310 3031
https://innovatexp.co"
Zen Pilates,,Fitness / Pilates,,+85252988293,+85263082388,+852 6308 2388,https://wa.me/85263082388,yes,uncertain,medium,ClassPass Hong Kong listing (also cited by Sassy Hong Kong),"你好，我係 Larry（InnovateXP）。好多 studio 最頭痛唔係缺軟件，而係排程、出席、續堂、收款散喺 WhatsApp／Excel。

我唔會一開始推系統。想約半小時「業務聽診」先睇邊度漏跟——上個月幫 Zomate Fitness 做完，admin 由 8hr／週減到 1.5hr／週。星期三或五下午方便嗎？

WhatsApp：+852 9310 3031
https://innovatexp.co"
Aspire Education,超研教育,Education / Tutoring,,+85228992330,+85251167443,+852 5116 7443,https://wa.me/85251167443,yes,invalid_landline,high,Aspire official course/contact pages,"你好，我係 Larry（InnovateXP）。好多補習／培訓中心最頭痛唔係缺軟件，而係查詢、試堂、報名、收款散喺 WhatsApp／Excel，同事放假就斷線。

我唔會一開始推系統。想約半小時「業務聽診」先鎖定一條最阻住收入嘅線。星期三或五下午方便嗎？

WhatsApp：+852 9310 3031
https://innovatexp.co"
Better Learning Together,善同教育中心,Education / Tutoring,,+85226563166,+85292351707,+852 9235 1707,https://wa.me/85292351707,yes,invalid_landline,high,Better Learning Together official contact page,"你好，我係 Larry（InnovateXP）。好多補習／培訓中心最頭痛唔係缺軟件，而係查詢、試堂、報名、收款散喺 WhatsApp／Excel，同事放假就斷線。

我唔會一開始推系統。想約半小時「業務聽診」先鎖定一條最阻住收入嘅線。星期三或五下午方便嗎？

WhatsApp：+852 9310 3031
https://innovatexp.co"
Bright & Breezy Maths,朗晴數學,Education / Tutoring,Mr. Mak K.S.,+85237933116,+85257291023,+852 5729 1023,https://wa.me/85257291023,yes,invalid_landline,high,Bright & Breezy official contact page,"Mak先生你好，我係 Larry（InnovateXP）。好多補習／培訓中心最頭痛唔係缺軟件，而係查詢、試堂、報名、收款散喺 WhatsApp／Excel，同事放假就斷線。

我唔會一開始推系統。想約半小時「業務聽診」先鎖定一條最阻住收入嘅線。星期三或五下午方便嗎？

WhatsApp：+852 9310 3031
https://innovatexp.co"
Central Dance Hong Kong,,Education / Training,,+85292028128,+85292028831,+852 9202 8831,https://wa.me/85292028831,yes,uncertain,high,Central Dance official pages/search result,"你好，我係 Larry（InnovateXP）。好多舞蹈／音樂／藝術中心最頭痛唔係缺軟件，而係報名、續班、改期、收款散喺 WhatsApp／Excel。

我哋用半小時「業務聽診」先睇邊度漏跟，唔會一開始推系統。星期三或五下午方便傾嗎？

WhatsApp：+852 9310 3031
https://innovatexp.co"
KC Education Centre,學匯補習中心,Education / Tutoring,,+85223945833,+85295475010,+852 9547 5010,https://wa.me/85295475010,yes,invalid_landline,high,KC Education official contact page (Prince Edward),"你好，我係 Larry（InnovateXP）。好多補習／培訓中心最頭痛唔係缺軟件，而係查詢、試堂、報名、收款散喺 WhatsApp／Excel，同事放假就斷線。

我唔會一開始推系統。想約半小時「業務聽診」先鎖定一條最阻住收入嘅線。星期三或五下午方便嗎？

WhatsApp：+852 9310 3031
https://innovatexp.co"
MC Music,美斯音樂,Education / Training,,+85221274214,+85256194530,+852 5619 4530,https://wa.me/85256194530,yes,invalid_landline,high,MC Music official branch directory (San Po Kong flagship),"你好，我係 Larry（InnovateXP）。好多舞蹈／音樂／藝術中心最頭痛唔係缺軟件，而係報名、續班、改期、收款散喺 WhatsApp／Excel。

我哋用半小時「業務聽診」先睇邊度漏跟，唔會一開始推系統。星期三或五下午方便傾嗎？

WhatsApp：+852 9310 3031
https://innovatexp.co"
Talent Learning Centre,思才學習中心,Education / Tutoring,Leung Sir / 梁Sir,+85228892790,+85260212570,+852 6021 2570,https://wa.me/85260212570,yes,invalid_landline,high,Talent Learning Centre official homepage,"梁Sir你好，我係 Larry（InnovateXP）。好多補習／培訓中心最頭痛唔係缺軟件，而係查詢、試堂、報名、收款散喺 WhatsApp／Excel，同事放假就斷線。

我唔會一開始推系統。想約半小時「業務聽診」先鎖定一條最阻住收入嘅線。星期三或五下午方便嗎？

WhatsApp：+852 9310 3031
https://innovatexp.co"
Very Good Tutorial School,穎績補習學校,Education / Tutoring,,+85221918663,+85255473515,+852 5547 3515,https://wa.me/85255473515,yes,invalid_landline,high,Very Good Tutorial School official contact page,"你好，我係 Larry（InnovateXP）。好多補習／培訓中心最頭痛唔係缺軟件，而係查詢、試堂、報名、收款散喺 WhatsApp／Excel，同事放假就斷線。

我唔會一開始推系統。想約半小時「業務聽診」先鎖定一條最阻住收入嘅線。星期三或五下午方便嗎？

WhatsApp：+852 9310 3031
https://innovatexp.co"
